{
  "project_info": {
    "project_number": "910964689441",
    "firebase_url": "https://gobal-4e7f5.firebaseio.com",
    "project_id": "gobal-4e7f5",
    "storage_bucket": "gobal-4e7f5.appspot.com"
  },
  "client": [
    {
      "client_info": {
        "mobilesdk_app_id": "1:910964689441:android:ccff03a19d7be12639f160",
        "android_client_info": {
          "package_name": "com.saurabh.gotrip"
        }
      },
      "oauth_client": [
        {
          "client_id": "910964689441-nt1kj5sivnvu4cg6lmj1ipps6i7s186f.apps.googleusercontent.com",
          "client_type": 1,
          "android_info": {
            "package_name": "com.saurabh.gotrip",
            "certificate_hash": "d45d55dee0dbdf3cd2b9155b4aefeba8b569871b"
          }
        },
        {
          "client_id": "910964689441-e0e5hj61cff2mspi2kakh8el9pj2rv4l.apps.googleusercontent.com",
          "client_type": 3
        }
      ],
      "api_key": [
        {
          "current_key": "AIzaSyBDwyWlywd0YXtNy00Et7jidNcUGNhnLK4"
        },
        {
          "current_key": "AIzaSyBaMSqCcRE9ZzZHbre7Ed_Zks6VH5iZQVY"
        }
      ],
      "services": {
        "appinvite_service": {
          "other_platform_oauth_client": [
            {
              "client_id": "910964689441-e0e5hj61cff2mspi2kakh8el9pj2rv4l.apps.googleusercontent.com",
              "client_type": 3
            }
          ]
        }
      }
    },
    {
      "client_info": {
        "mobilesdk_app_id": "1:910964689441:android:bc2b4690fb68630b39f160",
        "android_client_info": {
          "package_name": "com.saurabh.gotriprider"
        }
      },
      "oauth_client": [
        {
          "client_id": "910964689441-e0e5hj61cff2mspi2kakh8el9pj2rv4l.apps.googleusercontent.com",
          "client_type": 3
        }
      ],
      "api_key": [
        {
          "current_key": "AIzaSyBDwyWlywd0YXtNy00Et7jidNcUGNhnLK4"
        },
        {
          "current_key": "AIzaSyBaMSqCcRE9ZzZHbre7Ed_Zks6VH5iZQVY"
        }
      ],
      "services": {
        "appinvite_service": {
          "other_platform_oauth_client": [
            {
              "client_id": "910964689441-e0e5hj61cff2mspi2kakh8el9pj2rv4l.apps.googleusercontent.com",
              "client_type": 3
            }
          ]
        }
      }
    }
  ],
  "configuration_version": "1"
}